[
  {
    "title": "elly de la cruz",
    "link": "https://trends.google.com/trending/rss?geo=US",
    "published": "Sun, 15 Jun 2025 11:50:00 -0700",
    "traffic": "1000+",
    "image": "https://encrypted-tbn3.gstatic.com/images?q=tbn:ANd9GcS8WB7XISuglHMludKA3G_Pxh9Io0j-woWR2-E0luXqZttL8oZWTVbVgek_lRM",
    "source": "MLB.com",
    "news_items": [
      {
        "title": "Elly unleashes 98.3 mph(!) throw for an out ... and it isn't even his fastest",
        "url": "https://www.mlb.com/news/elly-de-la-cruz-98-3-mph-throw-for-out",
        "image": "https://encrypted-tbn3.gstatic.com/images?q=tbn:ANd9GcS8WB7XISuglHMludKA3G_Pxh9Io0j-woWR2-E0luXqZttL8oZWTVbVgek_lRM",
        "source": "MLB.com"
      },
      {
        "title": "EDLC dazzles with one of MLB's fastest-thrown assists in decade to nail runner at plate",
        "url": "https://local12.com/sports/reds/edlc-dazzles-mlb-fastest-thrown-relays-decade-nails-runner-at-plate-statcast-historic-history-elly-de-la-cruz-homer-homerun-outfield-assist-miles-per-hour-cincinnati-reds",
        "image": "https://encrypted-tbn2.gstatic.com/images?q=tbn:ANd9GcT74yDzxQX-btHOjYd8gPNxiDv7QSQHW5OJRt9NmYe4MxdLy-60Yn2foxFyBRA",
        "source": "WKRC"
      },
      {
        "title": "'Whole new level': Reds teammates 'can't explain' Elly De La Cruz performance through grief",
        "url": "https://www.cincinnati.com/story/sports/mlb/reds/2025/06/15/cincinnati-reds-teammates-in-awe-of-elly-de-la-cruz-sister-death-detroit-tigers-lineup/84218850007/",
        "image": "https://encrypted-tbn0.gstatic.com/images?q=tbn:ANd9GcRZTcXdMcNvD3kJPVUsCV0vwdR5nnMDyo0wlE685cXjLEfRP83_pvUabrePY5k",
        "source": "Cincinnati Enquirer"
      }
    ]
  },
  {
    "title": "arizona baseball",
    "link": "https://trends.google.com/trending/rss?geo=US",
    "published": "Sun, 15 Jun 2025 11:40:00 -0700",
    "traffic": "500+",
    "image": "https://encrypted-tbn3.gstatic.com/images?q=tbn:ANd9GcRF6VVgI9RxJ7_jnyQGc6cy-agU9HjhmcllSLiDEA9XT0wENG_c5cEpFuh1ukk",
    "source": "University of Arizona Athletics",
    "news_items": [
      {
        "title": "Wildcats Face Cardinals in CWS Elimination Game",
        "url": "https://arizonawildcats.com/news/2025/6/14/baseball-wildcats-face-cardinals-in-cws-elimination-game.aspx",
        "image": "https://encrypted-tbn3.gstatic.com/images?q=tbn:ANd9GcRF6VVgI9RxJ7_jnyQGc6cy-agU9HjhmcllSLiDEA9XT0wENG_c5cEpFuh1ukk",
        "source": "University of Arizona Athletics"
      },
      {
        "title": "Arkansas baseball vs LSU score: Highlights from Tigers' College World Series win",
        "url": "https://www.usatoday.com/story/sports/college/baseball/2025/06/14/arkansas-baseball-score-lsu-ncaa-tournament-live-updates-college-world-series/84207563007/",
        "image": "https://encrypted-tbn0.gstatic.com/images?q=tbn:ANd9GcRunKx2-c7brCcJIgFtqs7gWsohdfKKd7KOjcfWd6xF4lWn82zTYEjfC2zenlA",
        "source": "USA Today"
      },
      {
        "title": "Louisville vs Arizona score today: College World Series game time, NCAA baseball bracket",
        "url": "https://www.courier-journal.com/story/sports/college/louisville/2025/06/15/louisville-baseball-score-today-arizona-game-time-tv-channel-college-world-series-bracket-schedule/84140900007/",
        "image": "https://encrypted-tbn1.gstatic.com/images?q=tbn:ANd9GcQgsbJdbnDMTSnT1fcudxy0nN476NJfpOaHoPP6RJnpdCPHbm4wglkUnQE_yAg",
        "source": "The Courier-Journal"
      }
    ]
  },
  {
    "title": "will vest",
    "link": "https://trends.google.com/trending/rss?geo=US",
    "published": "Sun, 15 Jun 2025 11:40:00 -0700",
    "traffic": "500+",
    "image": "https://encrypted-tbn2.gstatic.com/images?q=tbn:ANd9GcQS3n_gm2ydckuAyTHjVE8JBM1FUD4evA4pZlD5swrU_VXXSwwLV61KFMwWeDU",
    "source": "CBS Sports",
    "news_items": [
      {
        "title": "Tigers' Will Vest: Collects 12th save",
        "url": "https://www.cbssports.com/fantasy/baseball/news/tigers-will-vest-collects-12th-save/",
        "image": "https://encrypted-tbn2.gstatic.com/images?q=tbn:ANd9GcQS3n_gm2ydckuAyTHjVE8JBM1FUD4evA4pZlD5swrU_VXXSwwLV61KFMwWeDU",
        "source": "CBS Sports"
      },
      {
        "title": "Will Vest Secures Save in Tigers' Victory Over Cubs",
        "url": "https://www.fantasypros.com/mlb/news/523589/will-vest-secures-save-tigers-victory-over-cubs.php",
        "image": "https://encrypted-tbn3.gstatic.com/images?q=tbn:ANd9GcTmpt1ENG-zLqsX2mm2RF0rVYb2sUzmym-sS9WWQF8xhlQbvTqcTgCIdzWAorI",
        "source": "FantasyPros"
      },
      {
        "title": "Will Vest allows solo shot in one-inning outing",
        "url": "https://www.fantasypros.com/mlb/news/524088/will-vest-allows-solo-shot-one-inning-outing.php",
        "image": "https://encrypted-tbn3.gstatic.com/images?q=tbn:ANd9GcTmpt1ENG-zLqsX2mm2RF0rVYb2sUzmym-sS9WWQF8xhlQbvTqcTgCIdzWAorI",
        "source": "FantasyPros"
      }
    ]
  },
  {
    "title": "colin rea",
    "link": "https://trends.google.com/trending/rss?geo=US",
    "published": "Sun, 15 Jun 2025 11:40:00 -0700",
    "traffic": "200+",
    "image": "https://encrypted-tbn2.gstatic.com/images?q=tbn:ANd9GcS9VtXsv9yiDJcOcLQBhF3bbFvvwnKsRECke_bHvfSEQV8hMMwuKysFaS4E1zo",
    "source": "CBS Sports",
    "news_items": [
      {
        "title": "Cubs turn to Colin Rea in series finale vs. Pirates",
        "url": "https://www.cbssports.com/mlb/news/cubs-turn-to-colin-rea-in-series-finale-vs-pirates/",
        "image": "https://encrypted-tbn2.gstatic.com/images?q=tbn:ANd9GcS9VtXsv9yiDJcOcLQBhF3bbFvvwnKsRECke_bHvfSEQV8hMMwuKysFaS4E1zo",
        "source": "CBS Sports"
      },
      {
        "title": "Game #72: Pittsburgh Pirates vs. Chicago Cubs",
        "url": "https://sports.yahoo.com/article/game-72-pittsburgh-pirates-vs-172000320.html",
        "image": "https://encrypted-tbn3.gstatic.com/images?q=tbn:ANd9GcQ83j4AT_8yFhGdMnp8brO-ajleq03knCDSLWX7Nm-gr414JnW6OlB7O5wKF14",
        "source": "Yahoo Sports"
      },
      {
        "title": "Cubs Lineup (6/14/25): Back to the Basics",
        "url": "https://www.bleachernation.com/cubs/2025/06/14/cubs-lineup-61425/",
        "image": "https://encrypted-tbn2.gstatic.com/images?q=tbn:ANd9GcQVNc3rMvSKe_Mg311wxkyC7Wuh0c_ewJM7OZvb9dOcpvQrJDc8GtFj_R6srRQ",
        "source": "Bleacher Nation"
      }
    ]
  },
  {
    "title": "red sox score",
    "link": "https://trends.google.com/trending/rss?geo=US",
    "published": "Sun, 15 Jun 2025 11:30:00 -0700",
    "traffic": "10000+",
    "image": "https://encrypted-tbn1.gstatic.com/images?q=tbn:ANd9GcTzlY3EqwChxNr10KP0azDpw0nQ_dSl5Ht9s750VQqbK84Ks1t5l6B_QGv9H9I",
    "source": "ESPN",
    "news_items": [
      {
        "title": "Dobbins' second win over Yanks caps 'fun' week",
        "url": "https://www.espn.com/mlb/story/_/id/45515878/dobbins-beats-yankees-again-red-sox-cap-fun-week",
        "image": "https://encrypted-tbn1.gstatic.com/images?q=tbn:ANd9GcTzlY3EqwChxNr10KP0azDpw0nQ_dSl5Ht9s750VQqbK84Ks1t5l6B_QGv9H9I",
        "source": "ESPN"
      },
      {
        "title": "Hunter Dobbins Has Last Laugh In War Of Words With Yankees",
        "url": "https://nesn.com/2025/06/hunter-dobbins-has-last-laugh-in-war-of-words-with-yankees/",
        "image": "https://encrypted-tbn1.gstatic.com/images?q=tbn:ANd9GcRF94i-_a2u3VQp_DmlatYZ47A1-j_zzByJ5TtOPEDsp9dZIJyUTyY51_Vavzw",
        "source": "NESN"
      },
      {
        "title": "Red Sox pitcher Hunter Dobbins defends discrepancies about his father playing for Yankees",
        "url": "https://apnews.com/article/hunter-dobbins-father-yankees-history-c3c4cb9bb929fc72222d8cf0e4cce38f",
        "image": "https://encrypted-tbn1.gstatic.com/images?q=tbn:ANd9GcTGO2kKdFrzN3BG9ZUEBeLci-oHHtfuhRAiq7nVt4OtbQchB2LkcFyF9O3FJCY",
        "source": "AP News"
      }
    ]
  },
  {
    "title": "lewis hamilton",
    "link": "https://trends.google.com/trending/rss?geo=US",
    "published": "Sun, 15 Jun 2025 11:30:00 -0700",
    "traffic": "1000+",
    "image": "https://encrypted-tbn3.gstatic.com/images?q=tbn:ANd9GcTMsla2wk_22Kki4LOOxAyHoyEPj23ALoAboA8BX0uc6XzGrNdY48cWZojm21Q",
    "source": "ESPN",
    "news_items": [
      {
        "title": "Hamilton: Ferrari car has two left feet",
        "url": "https://www.espn.com/f1/story/_/id/45514390/hamilton-ferrari-car-cant-dance",
        "image": "https://encrypted-tbn3.gstatic.com/images?q=tbn:ANd9GcTMsla2wk_22Kki4LOOxAyHoyEPj23ALoAboA8BX0uc6XzGrNdY48cWZojm21Q",
        "source": "ESPN"
      },
      {
        "title": "Canadian GP Qualifying: George Russell beats Max Verstappen, Oscar Piastri to pole as Lando Norris finishes seventh",
        "url": "https://www.skysports.com/f1/news/12040/13383660/canadian-gp-qualifying-george-russell-beats-max-verstappen-oscar-piastri-to-pole-as-lando-norris-finishes-seventh",
        "image": "https://encrypted-tbn2.gstatic.com/images?q=tbn:ANd9GcTMskqmZ5XNyjD-61fjwo8rA1KO_ArOWeweIxVtboxMmX2cPqr384cGCHWIljI",
        "source": "Sky Sports"
      },
      {
        "title": "'It feels the same' - Hamilton's muted reaction to Canada uplift",
        "url": "https://www.the-race.com/formula-1/it-feels-the-same-lewis-hamilton-muted-reaction-to-canada-uplift/",
        "image": "https://encrypted-tbn0.gstatic.com/images?q=tbn:ANd9GcShrsXJ8xII7TeHkpxEALdOzb0l_BpfXOzlpXSnm8JLzWKXIDPGEcKNyFtnJ3U",
        "source": "The Race"
      }
    ]
  },
  {
    "title": "dembele",
    "link": "https://trends.google.com/trending/rss?geo=US",
    "published": "Sun, 15 Jun 2025 11:30:00 -0700",
    "traffic": "500+",
    "image": "https://encrypted-tbn0.gstatic.com/images?q=tbn:ANd9GcQdqXGo7oLZizpKLBeyS4rGtuaguaueCxeY8SDVyRJp0H4id0Xh8-D1pGdP698",
    "source": "Sports Illustrated",
    "news_items": [
      {
        "title": "‘Another Dimension’—Ousmane Dembele Addresses Ballon d’Or Battle With Lamine Yamal",
        "url": "https://www.si.com/soccer/ousmane-dembele-ballon-dor-battle-lamine-yamal",
        "image": "https://encrypted-tbn0.gstatic.com/images?q=tbn:ANd9GcQdqXGo7oLZizpKLBeyS4rGtuaguaueCxeY8SDVyRJp0H4id0Xh8-D1pGdP698",
        "source": "Sports Illustrated"
      },
      {
        "title": "Who will win Ballon d'Or 2025? See favorites, super Ballon d'Or power ranking list, odds",
        "url": "https://www.app.com/story/news/2025/06/10/when-is-the-ballon-dor-2025-date-and-time-winners-list-super-ballon-dor-power-ranking-odds-favorites/84134083007/",
        "image": "https://encrypted-tbn0.gstatic.com/images?q=tbn:ANd9GcS7vA_Nec7qWRj-Lg-PWCAHUIP9u3q6YrZzcIPCqFnfifY9ZFmx2ikVtjx-HJU",
        "source": "Asbury Park Press"
      },
      {
        "title": "Champions League-winner Dembele seeks Ballon d'Or 'holy grail' | Daily Sabah",
        "url": "https://www.dailysabah.com/sports/football/champions-league-winner-dembele-seeks-ballon-dor-holy-grail",
        "image": "https://encrypted-tbn3.gstatic.com/images?q=tbn:ANd9GcSV9CpPnO_IRQWG9dDs2kKifUDkSEttwq-pqadw8m6VMHcWe4lf-2f4NmsEMZA",
        "source": "Daily Sabah"
      }
    ]
  },
  {
    "title": "robert macintyre",
    "link": "https://trends.google.com/trending/rss?geo=US",
    "published": "Sun, 15 Jun 2025 11:30:00 -0700",
    "traffic": "500+",
    "image": "https://encrypted-tbn0.gstatic.com/images?q=tbn:ANd9GcS0cU6rBcO3azDCBxs1-PE3GdzHHcwPxTZ_L8FF_PsIwrdXsVw1_TLOnxA9Dbg",
    "source": "The New York Times",
    "news_items": [
      {
        "title": "U.S. Open 2025: Oakmont might be a slow burn, but high scores are still coming",
        "url": "https://www.nytimes.com/athletic/6422984/2025/06/12/us-open-2025-oakmont-high-scores/",
        "image": "https://encrypted-tbn0.gstatic.com/images?q=tbn:ANd9GcS0cU6rBcO3azDCBxs1-PE3GdzHHcwPxTZ_L8FF_PsIwrdXsVw1_TLOnxA9Dbg",
        "source": "The New York Times"
      },
      {
        "title": "US Open: Robert MacIntyre rates his major chances at Oakmont",
        "url": "https://www.bunkered.co.uk/golf-news/robert-macintyre-us-open-oakmont/",
        "image": "https://encrypted-tbn3.gstatic.com/images?q=tbn:ANd9GcSGz_DyNxjALvUd45P09AI-p1SS4Q_2P1ngXJ9paPvJQ_Z3ligXeqCTfTcdixk",
        "source": "bunkered.co.uk"
      },
      {
        "title": "Bob MacIntyre ready to 'roll the dice' in bid to win US Open at Oakmont",
        "url": "https://www.scotsman.com/sport/bob-macintyre-ready-to-roll-the-dice-in-bid-to-win-us-open-at-oakmont-5177364",
        "image": "https://encrypted-tbn0.gstatic.com/images?q=tbn:ANd9GcQIZ08sO2RdhN_oChg0ClzwvDFlr9LmzP1LvaRlIwB3Md7ArEQ4h1z5gumjd-4",
        "source": "The Scotsman"
      }
    ]
  },
  {
    "title": "drew avans",
    "link": "https://trends.google.com/trending/rss?geo=US",
    "published": "Sun, 15 Jun 2025 11:30:00 -0700",
    "traffic": "500+",
    "image": "https://encrypted-tbn2.gstatic.com/images?q=tbn:ANd9GcTRsbBxrZPAMxvE8NR-PhdXd_yeOm5SfJ8rRVcyJzq2QEmarJJeqoKC-0dQrTU",
    "source": "Detroit Jock City",
    "news_items": [
      {
        "title": "Former Tigers Outfielder Steps Away From Baseball for Exciting Reason",
        "url": "https://detroitjockcity.com/former-tigers-outfielder-steps-away-from-baseball-for-exciting-reason-01jxnabxtv3k",
        "image": "https://encrypted-tbn2.gstatic.com/images?q=tbn:ANd9GcTRsbBxrZPAMxvE8NR-PhdXd_yeOm5SfJ8rRVcyJzq2QEmarJJeqoKC-0dQrTU",
        "source": "Detroit Jock City"
      },
      {
        "title": "Brewers place Daz Cameron on paternity list, recall Drew Avans, Grant Anderson from Triple-A Nashville",
        "url": "https://www.brewcrewball.com/2025/6/13/24448680/brewers-daz-cameron-grant-anderson-drew-avans-triple-a-nashville-transactions-minors-roster",
        "image": "https://encrypted-tbn1.gstatic.com/images?q=tbn:ANd9GcR3Ti9ZgopBGKodzA2Hk5qJL6z7MO-XeLJAnEZuqCLh-RCOeVOvDqCqZwIU9EA",
        "source": "Brew Crew Ball"
      },
      {
        "title": "Daz Cameron placed on paternity list",
        "url": "https://www.fantasypros.com/mlb/news/524482/daz-cameron-placed-on-paternity-list.php",
        "image": "https://encrypted-tbn2.gstatic.com/images?q=tbn:ANd9GcSBdWp6v9QDOIo3yrhf0Owdje0s_281nQWvrJMJ647soSsYpcIx39j1QNtDTRc",
        "source": "FantasyPros"
      }
    ]
  },
  {
    "title": "tigers score",
    "link": "https://trends.google.com/trending/rss?geo=US",
    "published": "Sun, 15 Jun 2025 11:30:00 -0700",
    "traffic": "500+",
    "image": "https://encrypted-tbn0.gstatic.com/images?q=tbn:ANd9GcS8bhqNWKMgYcHMo7B4jdF2LsD_cJulnuXVil1Rhb1oxzSKriJiHI1gz8bszMg",
    "source": "ESPN",
    "news_items": [
      {
        "title": "Reds 11-1 Tigers (Jun 14, 2025) Game Recap",
        "url": "https://www.espn.com/mlb/recap/_/gameId/401695952",
        "image": "https://encrypted-tbn0.gstatic.com/images?q=tbn:ANd9GcS8bhqNWKMgYcHMo7B4jdF2LsD_cJulnuXVil1Rhb1oxzSKriJiHI1gz8bszMg",
        "source": "ESPN"
      },
      {
        "title": "Detroit Tigers' Jack Flaherty roasted by grand slam in 11-1 loss to Cincinnati Reds",
        "url": "https://www.freep.com/story/sports/mlb/tigers/2025/06/14/detroit-tigers-score-game-recap-cincinnati-reds-jack-flaherty/84205826007/",
        "image": "https://encrypted-tbn1.gstatic.com/images?q=tbn:ANd9GcRWqg4LRiAIYft8zQq4H321onbKNXtFbZRKSPoWsxrK_tw1z2XDwAAKZg8PWcs",
        "source": "Detroit Free Press"
      },
      {
        "title": "Reds 11, Tigers 1: Flaherty mauled, cats bats quiet",
        "url": "https://www.blessyouboys.com/2025/6/14/24449285/detroit-tigers-recaps-cincinnati-reds-jack-flaherty-john-brebbia-jake-rogers-colt-keith",
        "image": "https://encrypted-tbn2.gstatic.com/images?q=tbn:ANd9GcS4NNgqT4L2GEoe2_SV4-6zrEHa_4Sk7NsRcT9_iGUbQTSxPRhbWnf7UdY3Ulc",
        "source": "Bless You Boys"
      }
    ]
  }
]